feature_id,name,definition,raw_inputs,availability,versions,units,transformations,windows,mechanism,evidence,interactions,missingness,confounders,source_codes,current_availability,falsification,priority
F01,Large trade relative to market liquidity,signed trade notional / pre-trade Gamma liquidity,"trade price,size,side; liquidity value and observation time","All inputs received, parsed and available by feature cutoff; lagged pre-trade values for denominators; historical labels must mature before cutoff.","Feature/formula, schema/parser, source and mapping versions; model/prompt/embedding versions where applicable.",Native units retained; ratios dimensionless where numerator and denominator are commensurate; prices per share and time units explicit.,Retain raw values and denominators; standardise on training only; compare linear versus spline/tree; log1p only for nonnegative magnitudes with sign separate.,"Primary 15m forecast; trailing feature window defined in formula, otherwise preregister 1m/5m/1h development candidates and freeze selection.",Size relative to market liquidity predicts continuation beyond prior returns,E04;HYP,Compare liquidity-normalised size with raw size and depth-normalised size on identical fills.,Explicit unavailable/stale/truncated/invalid/not-applicable reason; never replace missing by zero; coverage and denominator-zero flags retained.,Liquidity definition may differ from executable depth; price impact already occurred,PTRADE;PGAMMA,Not established as a complete causal historical series in AREPO; prospective collection or separately labelled reconstruction required.,"H01; fail incremental prospective test after timing and baseline controls, or report underpowered.",P1
F02,Large trade relative to executable depth,signed trade notional / pre-trade same-side executable notional within 1 percentage point,"fill price,size,side; all book levels before fill","All inputs received, parsed and available by feature cutoff; lagged pre-trade values for denominators; historical labels must mature before cutoff.","Feature/formula, schema/parser, source and mapping versions; model/prompt/embedding versions where applicable.",Native units retained; ratios dimensionless where numerator and denominator are commensurate; prices per share and time units explicit.,Retain raw values and denominators; standardise on training only; compare linear versus spline/tree; log1p only for nonnegative magnitudes with sign separate.,"Primary 5m forecast; trailing feature window defined in formula, otherwise preregister 1m/5m/1h development candidates and freeze selection.",Depth-normalised flow predicts later continuation better than absolute size,E04;HYP,Freeze book before trade; separate 0-5 second impact from 5-second-to-horizon change.,Explicit unavailable/stale/truncated/invalid/not-applicable reason; never replace missing by zero; coverage and denominator-zero flags retained.,Using post-trade depleted depth creates mechanical endogeneity,PTRADE;PBOOK,Not established as a complete causal historical series in AREPO; prospective collection or separately labelled reconstruction required.,"H02; fail incremental prospective test after timing and baseline controls, or report underpowered.",P1
F03,Low-history wallet flow,sum(signed notional * 1[prior mature events <= k]) / total notional; retain count continuously,"wallet fills, first seen, coverage start, prior resolved events","All inputs received, parsed and available by feature cutoff; lagged pre-trade values for denominators; historical labels must mature before cutoff.","Feature/formula, schema/parser, source and mapping versions; model/prompt/embedding versions where applicable.",Native units retained; ratios dimensionless where numerator and denominator are commensurate; prices per share and time units explicit.,Retain raw values and denominators; standardise on training only; compare linear versus spline/tree; log1p only for nonnegative magnitudes with sign separate.,"Primary 1h forecast; trailing feature window defined in formula, otherwise preregister 1m/5m/1h development candidates and freeze selection.",Flow from wallets with little recorded history contains incremental information,E15;HYP,Fit prior-history count as spline; k sensitivity is development-only.,Explicit unavailable/stale/truncated/invalid/not-applicable reason; never replace missing by zero; coverage and denominator-zero flags retained.,History truncation; wallet rotation; bots; survivor selection,PTRADE;PWALLET,Not established as a complete causal historical series in AREPO; prospective collection or separately labelled reconstruction required.,"H03; fail incremental prospective test after timing and baseline controls, or report underpowered.",P2
F04,Newly observed wallet flow,signed notional weighted by exp(-observed wallet age / tau) / volume,"wallet first-seen time, chain creation if available, coverage boundary, fills","All inputs received, parsed and available by feature cutoff; lagged pre-trade values for denominators; historical labels must mature before cutoff.","Feature/formula, schema/parser, source and mapping versions; model/prompt/embedding versions where applicable.",Native units retained; ratios dimensionless where numerator and denominator are commensurate; prices per share and time units explicit.,Retain raw values and denominators; standardise on training only; compare linear versus spline/tree; log1p only for nonnegative magnitudes with sign separate.,"Primary 1h forecast; trailing feature window defined in formula, otherwise preregister 1m/5m/1h development candidates and freeze selection.",Recently observed wallets predict repricing after controlling for size and history coverage,HYP,Use coverage-matched established wallets; exclude protocol-created address migrations in a sensitivity arm.,Explicit unavailable/stale/truncated/invalid/not-applicable reason; never replace missing by zero; coverage and denominator-zero flags retained.,Exchange deposit wallets and incomplete chain history mimic new wallets,PWALLET;PCHAIN,Not established as a complete causal historical series in AREPO; prospective collection or separately labelled reconstruction required.,"H04; fail incremental prospective test after timing and baseline controls, or report underpowered.",P2
F05,Wallet flow concentration,HHI=sum_w(abs(net_flow_w)/sum_abs_net_flow)^2; sign separate,"per-wallet buys,sells,net inventory change; total volume","All inputs received, parsed and available by feature cutoff; lagged pre-trade values for denominators; historical labels must mature before cutoff.","Feature/formula, schema/parser, source and mapping versions; model/prompt/embedding versions where applicable.",Native units retained; ratios dimensionless where numerator and denominator are commensurate; prices per share and time units explicit.,Retain raw values and denominators; standardise on training only; compare linear versus spline/tree; log1p only for nonnegative magnitudes with sign separate.,"Primary 1h forecast; trailing feature window defined in formula, otherwise preregister 1m/5m/1h development candidates and freeze selection.",Concentrated directional flow adds information beyond aggregate imbalance,E14;HYP,Compare trade-size concentration with wallet concentration; retain unresolved attribution.,Explicit unavailable/stale/truncated/invalid/not-applicable reason; never replace missing by zero; coverage and denominator-zero flags retained.,One entity can use many wallets; hedges and market makers,PWALLET;PTRADE,Not established as a complete causal historical series in AREPO; prospective collection or separately labelled reconstruction required.,"H05; fail incremental prospective test after timing and baseline controls, or report underpowered.",P1
F06,Historical wallet posterior skill,"hierarchical posterior mean of past mature excess score over entry-price baseline, weighted by current signed flow","as-of entries,prices,labels,fees,exposure,category; posterior variance","All inputs received, parsed and available by feature cutoff; lagged pre-trade values for denominators; historical labels must mature before cutoff.","Feature/formula, schema/parser, source and mapping versions; model/prompt/embedding versions where applicable.",Native units retained; ratios dimensionless where numerator and denominator are commensurate; prices per share and time units explicit.,Retain raw values and denominators; standardise on training only; compare linear versus spline/tree; log1p only for nonnegative magnitudes with sign separate.,"Primary 6h forecast; trailing feature window defined in formula, otherwise preregister 1m/5m/1h development candidates and freeze selection.",Mature-history wallet skill predicts future flow usefulness,E10;E15;E24,"Score history only after label availability; compare win rate, P&L and price-adjusted score with shrinkage.",Explicit unavailable/stale/truncated/invalid/not-applicable reason; never replace missing by zero; coverage and denominator-zero flags retained.,"Late entry, luck, bankroll, category specialism and profitable arbitrage",PWALLET;PTRADE,Not established as a complete causal historical series in AREPO; prospective collection or separately labelled reconstruction required.,"H06; fail incremental prospective test after timing and baseline controls, or report underpowered.",P1
F07,Consensus-opposing flow,sum signed notional against sign(midpoint-0.5) / total notional; direction retained,midpoint before fill; signed fills; probability regime,"All inputs received, parsed and available by feature cutoff; lagged pre-trade values for denominators; historical labels must mature before cutoff.","Feature/formula, schema/parser, source and mapping versions; model/prompt/embedding versions where applicable.",Native units retained; ratios dimensionless where numerator and denominator are commensurate; prices per share and time units explicit.,Retain raw values and denominators; standardise on training only; compare linear versus spline/tree; log1p only for nonnegative magnitudes with sign separate.,"Primary 1h forecast; trailing feature window defined in formula, otherwise preregister 1m/5m/1h development candidates and freeze selection.",Flow against the currently favoured outcome forecasts reversal or improved calibration,E10;HYP,Use continuous interaction between flow and log-odds; preregister reversal versus continuation sign.,Explicit unavailable/stale/truncated/invalid/not-applicable reason; never replace missing by zero; coverage and denominator-zero flags retained.,Favourite-longshot effects; classification around 0.5; informed hedging,PTRADE;PBOOK,Not established as a complete causal historical series in AREPO; prospective collection or separately labelled reconstruction required.,"H07; fail incremental prospective test after timing and baseline controls, or report underpowered.",P1
F08,Top-level book imbalance,(bid_size_1-ask_size_1)/(bid_size_1+ask_size_1),"best bid/ask prices,sizes,age,tick","All inputs received, parsed and available by feature cutoff; lagged pre-trade values for denominators; historical labels must mature before cutoff.","Feature/formula, schema/parser, source and mapping versions; model/prompt/embedding versions where applicable.",Native units retained; ratios dimensionless where numerator and denominator are commensurate; prices per share and time units explicit.,Retain raw values and denominators; standardise on training only; compare linear versus spline/tree; log1p only for nonnegative magnitudes with sign separate.,"Primary 1m forecast; trailing feature window defined in formula, otherwise preregister 1m/5m/1h development candidates and freeze selection.",Queue imbalance predicts the next clean midpoint move,E05,Compare against identical momentum and spread state; confirm persistence beyond one tick.,Explicit unavailable/stale/truncated/invalid/not-applicable reason; never replace missing by zero; coverage and denominator-zero flags retained.,Spoof-like transient quotes; price regime; spread; tick size,PBOOK,Some frozen primitives may support exploratory reconstruction; source-clock and grouping limitations apply.,"H08; fail incremental prospective test after timing and baseline controls, or report underpowered.",P1
F09,Microprice displacement,(ask*bid_size+bid*ask_size)/(bid_size+ask_size)-midpoint,best prices and sizes,"All inputs received, parsed and available by feature cutoff; lagged pre-trade values for denominators; historical labels must mature before cutoff.","Feature/formula, schema/parser, source and mapping versions; model/prompt/embedding versions where applicable.",Native units retained; ratios dimensionless where numerator and denominator are commensurate; prices per share and time units explicit.,Retain raw values and denominators; standardise on training only; compare linear versus spline/tree; log1p only for nonnegative magnitudes with sign separate.,"Primary 1m forecast; trailing feature window defined in formula, otherwise preregister 1m/5m/1h development candidates and freeze selection.",Microprice displacement predicts repricing more precisely than imbalance alone,E05;HYP,Compare imbalance+spread+interaction baseline; reject novelty if microprice adds nothing.,Explicit unavailable/stale/truncated/invalid/not-applicable reason; never replace missing by zero; coverage and denominator-zero flags retained.,Algebraic overlap with imbalance and spread; apparent independent signal is redundant,PBOOK,Some frozen primitives may support exploratory reconstruction; source-clock and grouping limitations apply.,"H09; fail incremental prospective test after timing and baseline controls, or report underpowered.",P1
F10,Depth withdrawal,-change(executable ask depth minus bid depth) / previous total depth,"sequenced level updates, snapshots, trade records","All inputs received, parsed and available by feature cutoff; lagged pre-trade values for denominators; historical labels must mature before cutoff.","Feature/formula, schema/parser, source and mapping versions; model/prompt/embedding versions where applicable.",Native units retained; ratios dimensionless where numerator and denominator are commensurate; prices per share and time units explicit.,Retain raw values and denominators; standardise on training only; compare linear versus spline/tree; log1p only for nonnegative magnitudes with sign separate.,"Primary 5m forecast; trailing feature window defined in formula, otherwise preregister 1m/5m/1h development candidates and freeze selection.",Asymmetric depth withdrawal precedes a move beyond contemporaneous traded flow,E04;HYP,Subtract identified executions; retain ambiguous updates and test with/without them.,Explicit unavailable/stale/truncated/invalid/not-applicable reason; never replace missing by zero; coverage and denominator-zero flags retained.,Cancellations cannot be inferred from snapshots alone; trades consume depth,PBOOK;PTRADE,Not established as a complete causal historical series in AREPO; prospective collection or separately labelled reconstruction required.,"H10; fail incremental prospective test after timing and baseline controls, or report underpowered.",P1
F11,Trade clustering,maximum signed notional in a rolling 10-second subwindow / 5-minute notional,"individual fill times,sizes,sides,IDs","All inputs received, parsed and available by feature cutoff; lagged pre-trade values for denominators; historical labels must mature before cutoff.","Feature/formula, schema/parser, source and mapping versions; model/prompt/embedding versions where applicable.",Native units retained; ratios dimensionless where numerator and denominator are commensurate; prices per share and time units explicit.,Retain raw values and denominators; standardise on training only; compare linear versus spline/tree; log1p only for nonnegative magnitudes with sign separate.,"Primary 5m forecast; trailing feature window defined in formula, otherwise preregister 1m/5m/1h development candidates and freeze selection.",Compact directional trade clusters predict continuation beyond total flow,E13;E14,Use source and receipt clocks separately; compare time-shuffled within-window placebo.,Explicit unavailable/stale/truncated/invalid/not-applicable reason; never replace missing by zero; coverage and denominator-zero flags retained.,Batch publication and repeated maker/taker records manufacture clusters,PTRADE,Not established as a complete causal historical series in AREPO; prospective collection or separately labelled reconstruction required.,"H11; fail incremental prospective test after timing and baseline controls, or report underpowered.",P1
F12,Trading burstiness,(sd(interarrival)-mean(interarrival))/(sd(interarrival)+mean(interarrival)); count separately,trade event and receipt times; gap flags,"All inputs received, parsed and available by feature cutoff; lagged pre-trade values for denominators; historical labels must mature before cutoff.","Feature/formula, schema/parser, source and mapping versions; model/prompt/embedding versions where applicable.",Native units retained; ratios dimensionless where numerator and denominator are commensurate; prices per share and time units explicit.,Retain raw values and denominators; standardise on training only; compare linear versus spline/tree; log1p only for nonnegative magnitudes with sign separate.,"Primary 15m forecast; trailing feature window defined in formula, otherwise preregister 1m/5m/1h development candidates and freeze selection.",Burstiness predicts material-move probability after volume and volatility controls,E29;HYP,Compare simple count/acceleration before considering Hawkes intensity.,Explicit unavailable/stale/truncated/invalid/not-applicable reason; never replace missing by zero; coverage and denominator-zero flags retained.,"Polling batching, time of day, market age and activity selection",PTRADE,Not established as a complete causal historical series in AREPO; prospective collection or separately labelled reconstruction required.,"H12; fail incremental prospective test after timing and baseline controls, or report underpowered.",P1
F13,Late large trading,depth-normalised signed notional * spline(log(1+seconds_to_information_event)),"trade,depth,announced event time,market close and resolution schedule","All inputs received, parsed and available by feature cutoff; lagged pre-trade values for denominators; historical labels must mature before cutoff.","Feature/formula, schema/parser, source and mapping versions; model/prompt/embedding versions where applicable.",Native units retained; ratios dimensionless where numerator and denominator are commensurate; prices per share and time units explicit.,Retain raw values and denominators; standardise on training only; compare linear versus spline/tree; log1p only for nonnegative magnitudes with sign separate.,"Primary 15m forecast; trailing feature window defined in formula, otherwise preregister 1m/5m/1h development candidates and freeze selection.",Large late trades are informative before the underlying event becomes known,E15,"Separate pre-event, event-known/pre-resolution and post-resolution strata; never pool.",Explicit unavailable/stale/truncated/invalid/not-applicable reason; never replace missing by zero; coverage and denominator-zero flags retained.,Post-event settlement lag masquerades as informed prediction,PTRADE;PGAMMA;POFFICIAL,Not established as a complete causal historical series in AREPO; prospective collection or separately labelled reconstruction required.,"H13; fail incremental prospective test after timing and baseline controls, or report underpowered.",P1
F14,External market lead,underlying return over 1m/5m minus prediction-market implied response estimated on training data,"Coinbase or other licensed quotes; strike,expiry; PM prices; latency","All inputs received, parsed and available by feature cutoff; lagged pre-trade values for denominators; historical labels must mature before cutoff.","Feature/formula, schema/parser, source and mapping versions; model/prompt/embedding versions where applicable.",Native units retained; ratios dimensionless where numerator and denominator are commensurate; prices per share and time units explicit.,Retain raw values and denominators; standardise on training only; compare linear versus spline/tree; log1p only for nonnegative magnitudes with sign separate.,"Primary 1m forecast; trailing feature window defined in formula, otherwise preregister 1m/5m/1h development candidates and freeze selection.",Underlying-market innovations predict delayed PM repricing,E13;E17;HYP,Use Chainlink/TWAP reference where resolution requires it; compare spot-only and rule-aware mapping.,Explicit unavailable/stale/truncated/invalid/not-applicable reason; never replace missing by zero; coverage and denominator-zero flags retained.,Oracle reference mismatch; clock skew; changing volatility; trading delays,XCOIN;PBOOK;PGAMMA,Not established as a complete causal historical series in AREPO; prospective collection or separately labelled reconstruction required.,"H14; fail incremental prospective test after timing and baseline controls, or report underpowered.",P1
F15,Related-market lead,lagged price innovations from linked contracts residualised on own returns,related prices; relationship type/version; as-of group map,"All inputs received, parsed and available by feature cutoff; lagged pre-trade values for denominators; historical labels must mature before cutoff.","Feature/formula, schema/parser, source and mapping versions; model/prompt/embedding versions where applicable.",Native units retained; ratios dimensionless where numerator and denominator are commensurate; prices per share and time units explicit.,Retain raw values and denominators; standardise on training only; compare linear versus spline/tree; log1p only for nonnegative magnitudes with sign separate.,"Primary 15m forecast; trailing feature window defined in formula, otherwise preregister 1m/5m/1h development candidates and freeze selection.",Related contracts lead repricing beyond own momentum,E06;E08,Fit lag graph on training only; compare reverse-time placebo and synchronous innovations.,Explicit unavailable/stale/truncated/invalid/not-applicable reason; never replace missing by zero; coverage and denominator-zero flags retained.,"Non-equivalent rules, simultaneity and shared information",PGAMMA;PBOOK,Not established as a complete causal historical series in AREPO; prospective collection or separately labelled reconstruction required.,"H15; fail incremental prospective test after timing and baseline controls, or report underpowered.",P1
F16,News acceleration,(unique claims last 15m / 15)-(unique claims previous 60m / 60),"document first receipt,claim clusters,sources,matching confidence","All inputs received, parsed and available by feature cutoff; lagged pre-trade values for denominators; historical labels must mature before cutoff.","Feature/formula, schema/parser, source and mapping versions; model/prompt/embedding versions where applicable.",Native units retained; ratios dimensionless where numerator and denominator are commensurate; prices per share and time units explicit.,Retain raw values and denominators; standardise on training only; compare linear versus spline/tree; log1p only for nonnegative magnitudes with sign separate.,"Primary 1h forecast; trailing feature window defined in formula, otherwise preregister 1m/5m/1h development candidates and freeze selection.",Acceleration in distinct relevant claims predicts material moves,E19;E20,"Deduplicate by claim, compare article count, control pre-news PM returns.",Explicit unavailable/stale/truncated/invalid/not-applicable reason; never replace missing by zero; coverage and denominator-zero flags retained.,"Syndication, publisher batching, market moves generating coverage",XNEWS,Not established as a complete causal historical series in AREPO; prospective collection or separately labelled reconstruction required.,"H16; fail incremental prospective test after timing and baseline controls, or report underpowered.",P1
F17,News novelty,"1-max cosine(embedding(new claim), embeddings of prior related claims within 7d)","frozen embedding model, text/version, prior claim corpus","All inputs received, parsed and available by feature cutoff; lagged pre-trade values for denominators; historical labels must mature before cutoff.","Feature/formula, schema/parser, source and mapping versions; model/prompt/embedding versions where applicable.",Native units retained; ratios dimensionless where numerator and denominator are commensurate; prices per share and time units explicit.,Retain raw values and denominators; standardise on training only; compare linear versus spline/tree; log1p only for nonnegative magnitudes with sign separate.,"Primary 1h forecast; trailing feature window defined in formula, otherwise preregister 1m/5m/1h development candidates and freeze selection.",Novel relevant information predicts more durable repricing than repeated information,E20,"Compare exact-copy, lexical and embedding novelty; zero-shot outcome guessing excluded.",Explicit unavailable/stale/truncated/invalid/not-applicable reason; never replace missing by zero; coverage and denominator-zero flags retained.,"Entity mismatch, model updates, first article missing, semantic direction",XNEWS,Not established as a complete causal historical series in AREPO; prospective collection or separately labelled reconstruction required.,"H17; fail incremental prospective test after timing and baseline controls, or report underpowered.",P1
F18,Social acceleration,"unique-author relevant original posts per minute acceleration, bot/repost counts separate","licensed posts,receipt time,author/repost IDs,match confidence","All inputs received, parsed and available by feature cutoff; lagged pre-trade values for denominators; historical labels must mature before cutoff.","Feature/formula, schema/parser, source and mapping versions; model/prompt/embedding versions where applicable.",Native units retained; ratios dimensionless where numerator and denominator are commensurate; prices per share and time units explicit.,Retain raw values and denominators; standardise on training only; compare linear versus spline/tree; log1p only for nonnegative magnitudes with sign separate.,"Primary 15m forecast; trailing feature window defined in formula, otherwise preregister 1m/5m/1h development candidates and freeze selection.",Social activity acceleration adds information beyond news and prices,E18;E21,Match coverage and posting-hour controls; replace total posts with unique claims in ablation.,Explicit unavailable/stale/truncated/invalid/not-applicable reason; never replace missing by zero; coverage and denominator-zero flags retained.,"API sampling, bots, engagement revisions, attention after price moves",XX,Not established as a complete causal historical series in AREPO; prospective collection or separately labelled reconstruction required.,"H18; fail incremental prospective test after timing and baseline controls, or report underpowered.",P2
F19,Official statement detection,indicator and stance probability for a first-available authoritative claim matched to market rules,"official release text,receive/publish time,entity/action/date extraction","All inputs received, parsed and available by feature cutoff; lagged pre-trade values for denominators; historical labels must mature before cutoff.","Feature/formula, schema/parser, source and mapping versions; model/prompt/embedding versions where applicable.",Native units retained; ratios dimensionless where numerator and denominator are commensurate; prices per share and time units explicit.,Retain raw values and denominators; standardise on training only; compare linear versus spline/tree; log1p only for nonnegative magnitudes with sign separate.,"Primary 5m forecast; trailing feature window defined in formula, otherwise preregister 1m/5m/1h development candidates and freeze selection.",Official statements predict PM adjustment after realistic ingestion delay,HYP,Human-audit blinded matched sample; compare observation after 1/10/60-second delay.,Explicit unavailable/stale/truncated/invalid/not-applicable reason; never replace missing by zero; coverage and denominator-zero flags retained.,Release already priced; incorrect event date; post-resolution leakage,POFFICIAL,Not established as a complete causal historical series in AREPO; prospective collection or separately labelled reconstruction required.,"H19; fail incremental prospective test after timing and baseline controls, or report underpowered.",P1
F20,Independent source corroboration,number of independent origin-source clusters supporting a claim; disagreement separate,"source lineage,syndication graph,claim stance,receipt times","All inputs received, parsed and available by feature cutoff; lagged pre-trade values for denominators; historical labels must mature before cutoff.","Feature/formula, schema/parser, source and mapping versions; model/prompt/embedding versions where applicable.",Native units retained; ratios dimensionless where numerator and denominator are commensurate; prices per share and time units explicit.,Retain raw values and denominators; standardise on training only; compare linear versus spline/tree; log1p only for nonnegative magnitudes with sign separate.,"Primary 1h forecast; trailing feature window defined in formula, otherwise preregister 1m/5m/1h development candidates and freeze selection.",Additional independent corroboration changes predictive usefulness nonlinearly,E18;HYP,Compare first-source signal vs incremental independent confirmations at their actual arrival times.,Explicit unavailable/stale/truncated/invalid/not-applicable reason; never replace missing by zero; coverage and denominator-zero flags retained.,Ten syndicated copies are not ten independent sources; popularity confounding,XNEWS;XX;POFFICIAL,Not established as a complete causal historical series in AREPO; prospective collection or separately labelled reconstruction required.,"H20; fail incremental prospective test after timing and baseline controls, or report underpowered.",P1
F21,Social and wallet interaction,social stance acceleration * contemporaneous skill-weighted signed wallet flow,"F06,F18 inputs with cutoffs","All inputs received, parsed and available by feature cutoff; lagged pre-trade values for denominators; historical labels must mature before cutoff.","Feature/formula, schema/parser, source and mapping versions; model/prompt/embedding versions where applicable.",Native units retained; ratios dimensionless where numerator and denominator are commensurate; prices per share and time units explicit.,Retain raw values and denominators; standardise on training only; compare linear versus spline/tree; log1p only for nonnegative magnitudes with sign separate.,"Primary 1h forecast; trailing feature window defined in formula, otherwise preregister 1m/5m/1h development candidates and freeze selection.",Concordant social and wallet evidence adds beyond either family alone,HYP,Factorial main-effects versus interaction comparison; double event-group sample floor.,Explicit unavailable/stale/truncated/invalid/not-applicable reason; never replace missing by zero; coverage and denominator-zero flags retained.,Both react to the same earlier public news; sparse intersections,XX;PWALLET,Not established as a complete causal historical series in AREPO; prospective collection or separately labelled reconstruction required.,"H21; fail incremental prospective test after timing and baseline controls, or report underpowered.",P2
F22,News and book interaction,novel claim stance * signed depth withdrawal or microprice displacement,"F09,F10,F17,claim direction probabilities","All inputs received, parsed and available by feature cutoff; lagged pre-trade values for denominators; historical labels must mature before cutoff.","Feature/formula, schema/parser, source and mapping versions; model/prompt/embedding versions where applicable.",Native units retained; ratios dimensionless where numerator and denominator are commensurate; prices per share and time units explicit.,Retain raw values and denominators; standardise on training only; compare linear versus spline/tree; log1p only for nonnegative magnitudes with sign separate.,"Primary 15m forecast; trailing feature window defined in formula, otherwise preregister 1m/5m/1h development candidates and freeze selection.",Books validate which novel stories will produce persistent repricing,HYP,Prediction begins after both dependencies arrive; compare slower receipt clock.,Explicit unavailable/stale/truncated/invalid/not-applicable reason; never replace missing by zero; coverage and denominator-zero flags retained.,Book may already incorporate news before origin; latency selection,XNEWS;PBOOK,Not established as a complete causal historical series in AREPO; prospective collection or separately labelled reconstruction required.,"H22; fail incremental prospective test after timing and baseline controls, or report underpowered.",P1
F23,Multi-level order-flow imbalance,sum_l training-weight_l * signed change in bid/ask queued size with price-level alignment,"book deltas,price levels,executions,sequence gaps","All inputs received, parsed and available by feature cutoff; lagged pre-trade values for denominators; historical labels must mature before cutoff.","Feature/formula, schema/parser, source and mapping versions; model/prompt/embedding versions where applicable.",Native units retained; ratios dimensionless where numerator and denominator are commensurate; prices per share and time units explicit.,Retain raw values and denominators; standardise on training only; compare linear versus spline/tree; log1p only for nonnegative magnitudes with sign separate.,"Primary 1m forecast; trailing feature window defined in formula, otherwise preregister 1m/5m/1h development candidates and freeze selection.",Deeper order-flow imbalance adds beyond top-of-book and momentum,E04;E06,Compare equal weights to training-estimated weights; no final-test PCA fitting.,Explicit unavailable/stale/truncated/invalid/not-applicable reason; never replace missing by zero; coverage and denominator-zero flags retained.,Level relabelling when best price changes; collinearity,PBOOK,Not established as a complete causal historical series in AREPO; prospective collection or separately labelled reconstruction required.,"H23; fail incremental prospective test after timing and baseline controls, or report underpowered.",P1
F24,Book resiliency,depth recovered within 30s after shock / depth removed; half-life separately,pre/post-shock books and shock time,"All inputs received, parsed and available by feature cutoff; lagged pre-trade values for denominators; historical labels must mature before cutoff.","Feature/formula, schema/parser, source and mapping versions; model/prompt/embedding versions where applicable.",Native units retained; ratios dimensionless where numerator and denominator are commensurate; prices per share and time units explicit.,Retain raw values and denominators; standardise on training only; compare linear versus spline/tree; log1p only for nonnegative magnitudes with sign separate.,"Primary 5m forecast; trailing feature window defined in formula, otherwise preregister 1m/5m/1h development candidates and freeze selection.",Rapid liquidity replenishment predicts reversal of initial impact,E04;HYP,Origin explicitly after measurement window; match initial shock and spread.,Explicit unavailable/stale/truncated/invalid/not-applicable reason; never replace missing by zero; coverage and denominator-zero flags retained.,Conditioning on future recovery; quote flicker; endogenous shock definition,PBOOK;PTRADE,Not established as a complete causal historical series in AREPO; prospective collection or separately labelled reconstruction required.,"H24; fail incremental prospective test after timing and baseline controls, or report underpowered.",P1
F25,Spread widening state,(ask-bid)/tick and change over 1m,"fresh bid/ask,tick,age","All inputs received, parsed and available by feature cutoff; lagged pre-trade values for denominators; historical labels must mature before cutoff.","Feature/formula, schema/parser, source and mapping versions; model/prompt/embedding versions where applicable.",Native units retained; ratios dimensionless where numerator and denominator are commensurate; prices per share and time units explicit.,Retain raw values and denominators; standardise on training only; compare linear versus spline/tree; log1p only for nonnegative magnitudes with sign separate.,"Primary 5m forecast; trailing feature window defined in formula, otherwise preregister 1m/5m/1h development candidates and freeze selection.",Spread widening predicts move magnitude or abstention value beyond volatility,E03;E05,"Primary target is absolute clean midpoint move, not trade-price direction.",Explicit unavailable/stale/truncated/invalid/not-applicable reason; never replace missing by zero; coverage and denominator-zero flags retained.,Mechanical spread bounce; low liquidity; stale sides,PBOOK,Some frozen primitives may support exploratory reconstruction; source-clock and grouping limitations apply.,"H25; fail incremental prospective test after timing and baseline controls, or report underpowered.",P1
F26,Book slope and convexity,cumulative notional depth at 0.1/0.5/1/2pp; slope differences across distances,all relevant levels and exact units,"All inputs received, parsed and available by feature cutoff; lagged pre-trade values for denominators; historical labels must mature before cutoff.","Feature/formula, schema/parser, source and mapping versions; model/prompt/embedding versions where applicable.",Native units retained; ratios dimensionless where numerator and denominator are commensurate; prices per share and time units explicit.,Retain raw values and denominators; standardise on training only; compare linear versus spline/tree; log1p only for nonnegative magnitudes with sign separate.,"Primary 5m forecast; trailing feature window defined in formula, otherwise preregister 1m/5m/1h development candidates and freeze selection.",Depth shape predicts impact persistence beyond top-level depth,E04;HYP,Bands fixed on development; compare continuous cumulative-depth curve model.,Explicit unavailable/stale/truncated/invalid/not-applicable reason; never replace missing by zero; coverage and denominator-zero flags retained.,Near 0/1 truncated side; arbitrary depth bands,PBOOK,Not established as a complete causal historical series in AREPO; prospective collection or separately labelled reconstruction required.,"H26; fail incremental prospective test after timing and baseline controls, or report underpowered.",P2
F27,Quote persistence,time-weighted imbalance / instantaneous imbalance with zero-safe representation,"timestamped changes,imbalance series","All inputs received, parsed and available by feature cutoff; lagged pre-trade values for denominators; historical labels must mature before cutoff.","Feature/formula, schema/parser, source and mapping versions; model/prompt/embedding versions where applicable.",Native units retained; ratios dimensionless where numerator and denominator are commensurate; prices per share and time units explicit.,Retain raw values and denominators; standardise on training only; compare linear versus spline/tree; log1p only for nonnegative magnitudes with sign separate.,"Primary 1m forecast; trailing feature window defined in formula, otherwise preregister 1m/5m/1h development candidates and freeze selection.",Persistent imbalance is more predictive than transient imbalance,E05;HYP,Retain last-update age; compare duration and update-count weighted variants.,Explicit unavailable/stale/truncated/invalid/not-applicable reason; never replace missing by zero; coverage and denominator-zero flags retained.,Receipts batched; unchanged stale book mimics persistence,PBOOK,Not established as a complete causal historical series in AREPO; prospective collection or separately labelled reconstruction required.,"H27; fail incremental prospective test after timing and baseline controls, or report underpowered.",P1
F28,Impact continuation versus reversal,signed logit(mid at origin)-logit(pre-trade mid); subsequent residual response,trade and pre/post quotes; actual timestamps,"All inputs received, parsed and available by feature cutoff; lagged pre-trade values for denominators; historical labels must mature before cutoff.","Feature/formula, schema/parser, source and mapping versions; model/prompt/embedding versions where applicable.",Native units retained; ratios dimensionless where numerator and denominator are commensurate; prices per share and time units explicit.,Retain raw values and denominators; standardise on training only; compare linear versus spline/tree; log1p only for nonnegative magnitudes with sign separate.,"Primary 15m forecast; trailing feature window defined in formula, otherwise preregister 1m/5m/1h development candidates and freeze selection.",Trade shocks split into transient and persistent components using depth and flow context,E04;E20,Forecast remaining response only; estimate response curves over preregistered horizons.,Explicit unavailable/stale/truncated/invalid/not-applicable reason; never replace missing by zero; coverage and denominator-zero flags retained.,Predicting already-observed impact; bid-ask bounce; selection on price move,PTRADE;PBOOK,Not established as a complete causal historical series in AREPO; prospective collection or separately labelled reconstruction required.,"H28; fail incremental prospective test after timing and baseline controls, or report underpowered.",P1
F29,Signed-flow autocorrelation,"corr(signed notional in adjacent fixed bins), conditional on total flow","deduplicated fills,sides,times","All inputs received, parsed and available by feature cutoff; lagged pre-trade values for denominators; historical labels must mature before cutoff.","Feature/formula, schema/parser, source and mapping versions; model/prompt/embedding versions where applicable.",Native units retained; ratios dimensionless where numerator and denominator are commensurate; prices per share and time units explicit.,Retain raw values and denominators; standardise on training only; compare linear versus spline/tree; log1p only for nonnegative magnitudes with sign separate.,"Primary 5m forecast; trailing feature window defined in formula, otherwise preregister 1m/5m/1h development candidates and freeze selection.",Persistent flow predicts continued repricing beyond the latest bin,E29;HYP,Compare order-linked dedup where possible; retain unknown fill grouping.,Explicit unavailable/stale/truncated/invalid/not-applicable reason; never replace missing by zero; coverage and denominator-zero flags retained.,Single order split across fills; market-maker inventory cycling,PTRADE,Not established as a complete causal historical series in AREPO; prospective collection or separately labelled reconstruction required.,"H29; fail incremental prospective test after timing and baseline controls, or report underpowered.",P1
F30,Trade size tail shape,p95 size / median size; top-1% volume share; raw distribution retained,"exact trade sizes,notionals,coverage","All inputs received, parsed and available by feature cutoff; lagged pre-trade values for denominators; historical labels must mature before cutoff.","Feature/formula, schema/parser, source and mapping versions; model/prompt/embedding versions where applicable.",Native units retained; ratios dimensionless where numerator and denominator are commensurate; prices per share and time units explicit.,Retain raw values and denominators; standardise on training only; compare linear versus spline/tree; log1p only for nonnegative magnitudes with sign separate.,"Primary 15m forecast; trailing feature window defined in formula, otherwise preregister 1m/5m/1h development candidates and freeze selection.",Heavy-tailed flow carries information beyond the maximum trade,HYP,Shrink quantiles and control count; separate signed tails by side.,Explicit unavailable/stale/truncated/invalid/not-applicable reason; never replace missing by zero; coverage and denominator-zero flags retained.,Small-sample quantile instability; denomination and liquidity effects,PTRADE,Not established as a complete causal historical series in AREPO; prospective collection or separately labelled reconstruction required.,"H30; fail incremental prospective test after timing and baseline controls, or report underpowered.",P2
F31,Flow disagreement,1-abs(net signed notional)/gross notional; wallet-side entropy separately,all buy/sell flow and wallet side counts,"All inputs received, parsed and available by feature cutoff; lagged pre-trade values for denominators; historical labels must mature before cutoff.","Feature/formula, schema/parser, source and mapping versions; model/prompt/embedding versions where applicable.",Native units retained; ratios dimensionless where numerator and denominator are commensurate; prices per share and time units explicit.,Retain raw values and denominators; standardise on training only; compare linear versus spline/tree; log1p only for nonnegative magnitudes with sign separate.,"Primary 15m forecast; trailing feature window defined in formula, otherwise preregister 1m/5m/1h development candidates and freeze selection.",High opposing flow forecasts volatility or reduced directional reliability,HYP,Primary magnitude target; directional candidate includes signed net flow main effect.,Explicit unavailable/stale/truncated/invalid/not-applicable reason; never replace missing by zero; coverage and denominator-zero flags retained.,"Wash-like circulation, market making, complement-token double counts",PTRADE;PWALLET,Not established as a complete causal historical series in AREPO; prospective collection or separately labelled reconstruction required.,"H31; fail incremental prospective test after timing and baseline controls, or report underpowered.",P1
F32,Open-interest versus volume,change(open interest)/gross traded notional with gross flows separate,"as-of OI,trade volume,splits,merges","All inputs received, parsed and available by feature cutoff; lagged pre-trade values for denominators; historical labels must mature before cutoff.","Feature/formula, schema/parser, source and mapping versions; model/prompt/embedding versions where applicable.",Native units retained; ratios dimensionless where numerator and denominator are commensurate; prices per share and time units explicit.,Retain raw values and denominators; standardise on training only; compare linear versus spline/tree; log1p only for nonnegative magnitudes with sign separate.,"Primary 1h forecast; trailing feature window defined in formula, otherwise preregister 1m/5m/1h development candidates and freeze selection.",New capital exposure distinguishes informative positioning from churn,HYP,Reconcile with splits/merges; compare OI freshness strata.,Explicit unavailable/stale/truncated/invalid/not-applicable reason; never replace missing by zero; coverage and denominator-zero flags retained.,"OI definition, mint/redeem, collateral conversions, delayed indexer",PDATA;PCHAIN,Not established as a complete causal historical series in AREPO; prospective collection or separately labelled reconstruction required.,"H32; fail incremental prospective test after timing and baseline controls, or report underpowered.",P2
F33,Inventory accumulation,wallet net share accumulation over 1h / earlier visible holdings,"wallet historical balances,trades,transfers","All inputs received, parsed and available by feature cutoff; lagged pre-trade values for denominators; historical labels must mature before cutoff.","Feature/formula, schema/parser, source and mapping versions; model/prompt/embedding versions where applicable.",Native units retained; ratios dimensionless where numerator and denominator are commensurate; prices per share and time units explicit.,Retain raw values and denominators; standardise on training only; compare linear versus spline/tree; log1p only for nonnegative magnitudes with sign separate.,"Primary 6h forecast; trailing feature window defined in formula, otherwise preregister 1m/5m/1h development candidates and freeze selection.",Accumulation predicts continuation more reliably than isolated purchases,E14;HYP,Trade-only and transfer-adjusted variants; no inferred private portfolio.,Explicit unavailable/stale/truncated/invalid/not-applicable reason; never replace missing by zero; coverage and denominator-zero flags retained.,Transfers mistaken for buys; hedges in unobserved venues,PWALLET;PCHAIN,Not established as a complete causal historical series in AREPO; prospective collection or separately labelled reconstruction required.,"H33; fail incremental prospective test after timing and baseline controls, or report underpowered.",P2
F34,Wallet specialisation,past-category exposure entropy and category-specific posterior excess score,"mature wallet history,category map version","All inputs received, parsed and available by feature cutoff; lagged pre-trade values for denominators; historical labels must mature before cutoff.","Feature/formula, schema/parser, source and mapping versions; model/prompt/embedding versions where applicable.",Native units retained; ratios dimensionless where numerator and denominator are commensurate; prices per share and time units explicit.,Retain raw values and denominators; standardise on training only; compare linear versus spline/tree; log1p only for nonnegative magnitudes with sign separate.,"Primary 6h forecast; trailing feature window defined in formula, otherwise preregister 1m/5m/1h development candidates and freeze selection.",Domain-specific historical skill beats pooled wallet rankings,E10;E24,Leave-one-domain-out sensitivity; compare pooled and partially pooled posteriors.,Explicit unavailable/stale/truncated/invalid/not-applicable reason; never replace missing by zero; coverage and denominator-zero flags retained.,Posthoc category choice; one dominant event; survivor bias,PWALLET;PGAMMA,Not established as a complete causal historical series in AREPO; prospective collection or separately labelled reconstruction required.,"H34; fail incremental prospective test after timing and baseline controls, or report underpowered.",P2
F35,Public wallet co-trading graph,past-only graph similarity from co-trade times/markets; clustered net flow,"public addresses,fill times,markets; windowed graph","All inputs received, parsed and available by feature cutoff; lagged pre-trade values for denominators; historical labels must mature before cutoff.","Feature/formula, schema/parser, source and mapping versions; model/prompt/embedding versions where applicable.",Native units retained; ratios dimensionless where numerator and denominator are commensurate; prices per share and time units explicit.,Retain raw values and denominators; standardise on training only; compare linear versus spline/tree; log1p only for nonnegative magnitudes with sign separate.,"Primary 1h forecast; trailing feature window defined in formula, otherwise preregister 1m/5m/1h development candidates and freeze selection.",Repeated co-trading structure predicts incremental flow quality,HYP,No real-person attribution; degree/time-of-day preserving shuffled graph placebo.,Explicit unavailable/stale/truncated/invalid/not-applicable reason; never replace missing by zero; coverage and denominator-zero flags retained.,"Common news, exchanges, many people sharing infrastructure; identity uncertainty",PWALLET;PCHAIN,Not established as a complete causal historical series in AREPO; prospective collection or separately labelled reconstruction required.,"H35; fail incremental prospective test after timing and baseline controls, or report underpowered.",P3
F36,Cross-venue probability gap,"rule-aligned PM midpoint minus Kalshi implied midpoint, net of observable costs","venue quotes,rule texts,fees,settlement currencies,clock latency","All inputs received, parsed and available by feature cutoff; lagged pre-trade values for denominators; historical labels must mature before cutoff.","Feature/formula, schema/parser, source and mapping versions; model/prompt/embedding versions where applicable.",Native units retained; ratios dimensionless where numerator and denominator are commensurate; prices per share and time units explicit.,Retain raw values and denominators; standardise on training only; compare linear versus spline/tree; log1p only for nonnegative magnitudes with sign separate.,"Primary 5m forecast; trailing feature window defined in formula, otherwise preregister 1m/5m/1h development candidates and freeze selection.",A verified cross-venue gap predicts convergence of the lagging contract,E08;E09,Separate price prediction from executable multi-leg arbitrage; test which venue leads.,Explicit unavailable/stale/truncated/invalid/not-applicable reason; never replace missing by zero; coverage and denominator-zero flags retained.,"Different rules, fees, access, currency, liquidity and expiry",XKALSHI;PBOOK,Not established as a complete causal historical series in AREPO; prospective collection or separately labelled reconstruction required.,"H36; fail incremental prospective test after timing and baseline controls, or report underpowered.",P1
F37,Mutually exclusive outcome coherence,sum outcome prices minus 1; executable basket cost separately,"event grouping,all outcome prices,ask depths,fee config","All inputs received, parsed and available by feature cutoff; lagged pre-trade values for denominators; historical labels must mature before cutoff.","Feature/formula, schema/parser, source and mapping versions; model/prompt/embedding versions where applicable.",Native units retained; ratios dimensionless where numerator and denominator are commensurate; prices per share and time units explicit.,Retain raw values and denominators; standardise on training only; compare linear versus spline/tree; log1p only for nonnegative magnitudes with sign separate.,"Primary 15m forecast; trailing feature window defined in formula, otherwise preregister 1m/5m/1h development candidates and freeze selection.",Coherence deviations predict relative repricing after full-set and cost controls,E08;E09,Use midpoint deviation for predictive test and basket asks only for economic test.,Explicit unavailable/stale/truncated/invalid/not-applicable reason; never replace missing by zero; coverage and denominator-zero flags retained.,"Incomplete outcome set, negative-risk conversion, missing depth",PGAMMA;PBOOK,Not established as a complete causal historical series in AREPO; prospective collection or separately labelled reconstruction required.,"H37; fail incremental prospective test after timing and baseline controls, or report underpowered.",P1
F38,Nested threshold monotonicity,"p(X>higher strike)-p(X>lower strike), matched expiry/rules","strikes,expiry,quotes,oracle definition","All inputs received, parsed and available by feature cutoff; lagged pre-trade values for denominators; historical labels must mature before cutoff.","Feature/formula, schema/parser, source and mapping versions; model/prompt/embedding versions where applicable.",Native units retained; ratios dimensionless where numerator and denominator are commensurate; prices per share and time units explicit.,Retain raw values and denominators; standardise on training only; compare linear versus spline/tree; log1p only for nonnegative magnitudes with sign separate.,"Primary 15m forecast; trailing feature window defined in formula, otherwise preregister 1m/5m/1h development candidates and freeze selection.",Violations or unusual curve shape predict relative correction,E08;HYP,Require human-reviewed mapping and bid/ask-aware bounds.,Explicit unavailable/stale/truncated/invalid/not-applicable reason; never replace missing by zero; coverage and denominator-zero flags retained.,Different time windows or reference prices; mapping errors,PGAMMA;PBOOK,Not established as a complete causal historical series in AREPO; prospective collection or separately labelled reconstruction required.,"H38; fail incremental prospective test after timing and baseline controls, or report underpowered.",P1
F39,Probability-regime nonlinearity,spline(logit(midpoint)) interacting with price and flow features,"probability,returns,flow; training knot locations","All inputs received, parsed and available by feature cutoff; lagged pre-trade values for denominators; historical labels must mature before cutoff.","Feature/formula, schema/parser, source and mapping versions; model/prompt/embedding versions where applicable.",Native units retained; ratios dimensionless where numerator and denominator are commensurate; prices per share and time units explicit.,Retain raw values and denominators; standardise on training only; compare linear versus spline/tree; log1p only for nonnegative magnitudes with sign separate.,"Primary 1h forecast; trailing feature window defined in formula, otherwise preregister 1m/5m/1h development candidates and freeze selection.","Predictive signal changes continuously across near-zero, central and near-one probabilities",E10,Compare continuous effects with fixed probability exclusions on same population.,Explicit unavailable/stale/truncated/invalid/not-applicable reason; never replace missing by zero; coverage and denominator-zero flags retained.,Mechanical bounded support; favourite-longshot calibration differs by horizon,PBOOK;PTRADE,Some frozen primitives may support exploratory reconstruction; source-clock and grouping limitations apply.,"H39; fail incremental prospective test after timing and baseline controls, or report underpowered.",P1
F40,Time-to-close and information time,"separate log(seconds_to_close), log(seconds_to_event), log(seconds_to_resolution)","versioned close,announced event and resolution state","All inputs received, parsed and available by feature cutoff; lagged pre-trade values for denominators; historical labels must mature before cutoff.","Feature/formula, schema/parser, source and mapping versions; model/prompt/embedding versions where applicable.",Native units retained; ratios dimensionless where numerator and denominator are commensurate; prices per share and time units explicit.,Retain raw values and denominators; standardise on training only; compare linear versus spline/tree; log1p only for nonnegative magnitudes with sign separate.,"Primary 1h forecast; trailing feature window defined in formula, otherwise preregister 1m/5m/1h development candidates and freeze selection.",Information time explains signal decay better than an arbitrary time-to-resolution cutoff,E15;HYP,Never substitute current final close date for as-known close date.,Explicit unavailable/stale/truncated/invalid/not-applicable reason; never replace missing by zero; coverage and denominator-zero flags retained.,Close extensions and source end-date semantics; known outcome before resolution,PGAMMA;POFFICIAL,Some frozen primitives may support exploratory reconstruction; source-clock and grouping limitations apply.,"H40; fail incremental prospective test after timing and baseline controls, or report underpowered.",P1
F41,Market age and discovery lag,time since creation; time since first observed; discrepancy retained,"createdAt,first received,first tradable book","All inputs received, parsed and available by feature cutoff; lagged pre-trade values for denominators; historical labels must mature before cutoff.","Feature/formula, schema/parser, source and mapping versions; model/prompt/embedding versions where applicable.",Native units retained; ratios dimensionless where numerator and denominator are commensurate; prices per share and time units explicit.,Retain raw values and denominators; standardise on training only; compare linear versus spline/tree; log1p only for nonnegative magnitudes with sign separate.,"Primary 1h forecast; trailing feature window defined in formula, otherwise preregister 1m/5m/1h development candidates and freeze selection.",New-market price discovery yields different signal effects from mature markets,HYP,Include delisted and never-active markets in discovery denominator.,Explicit unavailable/stale/truncated/invalid/not-applicable reason; never replace missing by zero; coverage and denominator-zero flags retained.,Left truncation; retrospective survival; launch incentives,PGAMMA;PBOOK,Some frozen primitives may support exploratory reconstruction; source-clock and grouping limitations apply.,"H41; fail incremental prospective test after timing and baseline controls, or report underpowered.",P2
F42,Incentive and reward changes,"change in reward rate,min size,max spread,fee config before origin","versioned public incentives,quotes,trades,fees","All inputs received, parsed and available by feature cutoff; lagged pre-trade values for denominators; historical labels must mature before cutoff.","Feature/formula, schema/parser, source and mapping versions; model/prompt/embedding versions where applicable.",Native units retained; ratios dimensionless where numerator and denominator are commensurate; prices per share and time units explicit.,Retain raw values and denominators; standardise on training only; compare linear versus spline/tree; log1p only for nonnegative magnitudes with sign separate.,"Primary 1h forecast; trailing feature window defined in formula, otherwise preregister 1m/5m/1h development candidates and freeze selection.",Reward changes alter apparent book signals and short-horizon reliability,HYP,Matched interrupted-time analysis plus predictive interaction; no causal claim without assumptions.,Explicit unavailable/stale/truncated/invalid/not-applicable reason; never replace missing by zero; coverage and denominator-zero flags retained.,Policy responds to liquidity; nonrandom treatment,PREWARD;PBOOK,Not established as a complete causal historical series in AREPO; prospective collection or separately labelled reconstruction required.,"H42; fail incremental prospective test after timing and baseline controls, or report underpowered.",P2
F43,Tick-size transition,tick change indicator and time since change interacting with imbalance,"tick_size_change events,quotes,price regime","All inputs received, parsed and available by feature cutoff; lagged pre-trade values for denominators; historical labels must mature before cutoff.","Feature/formula, schema/parser, source and mapping versions; model/prompt/embedding versions where applicable.",Native units retained; ratios dimensionless where numerator and denominator are commensurate; prices per share and time units explicit.,Retain raw values and denominators; standardise on training only; compare linear versus spline/tree; log1p only for nonnegative magnitudes with sign separate.,"Primary 1m forecast; trailing feature window defined in formula, otherwise preregister 1m/5m/1h development candidates and freeze selection.",Tick transitions change queue-signal effectiveness,E05;HYP,Control continuous probability and spread/tick ratio.,Explicit unavailable/stale/truncated/invalid/not-applicable reason; never replace missing by zero; coverage and denominator-zero flags retained.,Price boundary triggers tick changes; endogenous transition,PBOOK,Not established as a complete causal historical series in AREPO; prospective collection or separately labelled reconstruction required.,"H43; fail incremental prospective test after timing and baseline controls, or report underpowered.",P2
F44,Venue-reference basis and TWAP,PM-implied underlying threshold probability relative to Chainlink 30/60s TWAP path and spot basis,"RTDS spot,TWAP values,window times,strike,expiry","All inputs received, parsed and available by feature cutoff; lagged pre-trade values for denominators; historical labels must mature before cutoff.","Feature/formula, schema/parser, source and mapping versions; model/prompt/embedding versions where applicable.",Native units retained; ratios dimensionless where numerator and denominator are commensurate; prices per share and time units explicit.,Retain raw values and denominators; standardise on training only; compare linear versus spline/tree; log1p only for nonnegative magnitudes with sign separate.,"Primary 1m forecast; trailing feature window defined in formula, otherwise preregister 1m/5m/1h development candidates and freeze selection.",Rule-matched TWAP state improves short crypto forecast beyond spot return,HYP,"Compare spot, reference spot and TWAP incremental arms; stratify pre/post rule changes.",Explicit unavailable/stale/truncated/invalid/not-applicable reason; never replace missing by zero; coverage and denominator-zero flags retained.,Oracle/spot mismatch; data-stream latency; regime migration,PRTDS;XCOIN;PGAMMA,Not established as a complete causal historical series in AREPO; prospective collection or separately labelled reconstruction required.,"H44; fail incremental prospective test after timing and baseline controls, or report underpowered.",P1
F45,Macro release surprise,(first released actual - frozen prerelease expectation)/training historical surprise sd,"official first release,consensus or AREPO prerelease forecast,vintage","All inputs received, parsed and available by feature cutoff; lagged pre-trade values for denominators; historical labels must mature before cutoff.","Feature/formula, schema/parser, source and mapping versions; model/prompt/embedding versions where applicable.",Native units retained; ratios dimensionless where numerator and denominator are commensurate; prices per share and time units explicit.,Retain raw values and denominators; standardise on training only; compare linear versus spline/tree; log1p only for nonnegative magnitudes with sign separate.,"Primary 5m forecast; trailing feature window defined in formula, otherwise preregister 1m/5m/1h development candidates and freeze selection.",Release surprise predicts residual PM repricing after ingestion delay,HYP,Expectations and first actual frozen separately; realistic delay curve required.,Explicit unavailable/stale/truncated/invalid/not-applicable reason; never replace missing by zero; coverage and denominator-zero flags retained.,"Revised actual, consensus collected after release, simultaneous indicators",XBLS;XFRED;POFFICIAL,Not established as a complete causal historical series in AREPO; prospective collection or separately labelled reconstruction required.,"H45; fail incremental prospective test after timing and baseline controls, or report underpowered.",P1
F46,Official revision surprise,"new vintage minus previous published vintage, scaled by prior uncertainty","vintage history,revision release times,PM quotes","All inputs received, parsed and available by feature cutoff; lagged pre-trade values for denominators; historical labels must mature before cutoff.","Feature/formula, schema/parser, source and mapping versions; model/prompt/embedding versions where applicable.",Native units retained; ratios dimensionless where numerator and denominator are commensurate; prices per share and time units explicit.,Retain raw values and denominators; standardise on training only; compare linear versus spline/tree; log1p only for nonnegative magnitudes with sign separate.,"Primary 1h forecast; trailing feature window defined in formula, otherwise preregister 1m/5m/1h development candidates and freeze selection.",Revisions convey incremental information about linked event probabilities,HYP,Daily-only timing cannot support minute-level claims; prospective timestamping needed.,Explicit unavailable/stale/truncated/invalid/not-applicable reason; never replace missing by zero; coverage and denominator-zero flags retained.,ALFRED date granularity may not prove intraday availability,XFRED;XBLS;XEIA,Not established as a complete causal historical series in AREPO; prospective collection or separately labelled reconstruction required.,"H46; fail incremental prospective test after timing and baseline controls, or report underpowered.",P2
F47,Weather forecast innovation,change in rule-matched probability from consecutive issued forecast ensembles,"forecast issue/valid times,location,threshold,station,uncertainty","All inputs received, parsed and available by feature cutoff; lagged pre-trade values for denominators; historical labels must mature before cutoff.","Feature/formula, schema/parser, source and mapping versions; model/prompt/embedding versions where applicable.",Native units retained; ratios dimensionless where numerator and denominator are commensurate; prices per share and time units explicit.,Retain raw values and denominators; standardise on training only; compare linear versus spline/tree; log1p only for nonnegative magnitudes with sign separate.,"Primary 1h forecast; trailing feature window defined in formula, otherwise preregister 1m/5m/1h development candidates and freeze selection.",Official forecast revisions lead weather-market repricing,HYP,Retain issued forecast vintages; compare latest level versus revision.,Explicit unavailable/stale/truncated/invalid/not-applicable reason; never replace missing by zero; coverage and denominator-zero flags retained.,"Observation delays, revised forecasts, station mismatch and deterministic forecasts",XNOAA;PGAMMA,Not established as a complete causal historical series in AREPO; prospective collection or separately labelled reconstruction required.,"H47; fail incremental prospective test after timing and baseline controls, or report underpowered.",P1
F48,Company filing and disclosure novelty,new numerical guidance or claim minus prior disclosed/expected value; novelty separate,"SEC filing accession,acceptance/receipt time,XBRL units,prior filings","All inputs received, parsed and available by feature cutoff; lagged pre-trade values for denominators; historical labels must mature before cutoff.","Feature/formula, schema/parser, source and mapping versions; model/prompt/embedding versions where applicable.",Native units retained; ratios dimensionless where numerator and denominator are commensurate; prices per share and time units explicit.,Retain raw values and denominators; standardise on training only; compare linear versus spline/tree; log1p only for nonnegative magnitudes with sign separate.,"Primary 1h forecast; trailing feature window defined in formula, otherwise preregister 1m/5m/1h development candidates and freeze selection.",Relevant filing surprises predict linked market repricing,E19;E20;HYP,"Earliest public dissemination, not filing date alone, determines novelty.",Explicit unavailable/stale/truncated/invalid/not-applicable reason; never replace missing by zero; coverage and denominator-zero flags retained.,Filing reuses earlier press release; XBRL restatement; market already moved,XSEC;XNEWS,Not established as a complete causal historical series in AREPO; prospective collection or separately labelled reconstruction required.,"H48; fail incremental prospective test after timing and baseline controls, or report underpowered.",P2
F49,Search attention innovation,training-seasonally-adjusted change in query interest; sample version retained,"Trends responses,query,region,time grid,request date,coverage","All inputs received, parsed and available by feature cutoff; lagged pre-trade values for denominators; historical labels must mature before cutoff.","Feature/formula, schema/parser, source and mapping versions; model/prompt/embedding versions where applicable.",Native units retained; ratios dimensionless where numerator and denominator are commensurate; prices per share and time units explicit.,Retain raw values and denominators; standardise on training only; compare linear versus spline/tree; log1p only for nonnegative magnitudes with sign separate.,"Primary 6h forecast; trailing feature window defined in formula, otherwise preregister 1m/5m/1h development candidates and freeze selection.",Search attention predicts later activity or repricing beyond news counts,E21,Baseline attention forecasts; no assumed official alpha access or intraday precision.,Explicit unavailable/stale/truncated/invalid/not-applicable reason; never replace missing by zero; coverage and denominator-zero flags retained.,"Rescaling, sampling, low volume suppression, revised history",XTRENDS,Not established as a complete causal historical series in AREPO; prospective collection or separately labelled reconstruction required.,"H49; fail incremental prospective test after timing and baseline controls, or report underpowered.",P3
F50,Public pageview attention,abnormal entity-page views relative to past weekday/time baseline,"Wikimedia pageviews,article identity,publication availability","All inputs received, parsed and available by feature cutoff; lagged pre-trade values for denominators; historical labels must mature before cutoff.","Feature/formula, schema/parser, source and mapping versions; model/prompt/embedding versions where applicable.",Native units retained; ratios dimensionless where numerator and denominator are commensurate; prices per share and time units explicit.,Retain raw values and denominators; standardise on training only; compare linear versus spline/tree; log1p only for nonnegative magnitudes with sign separate.,"Primary 24h forecast; trailing feature window defined in formula, otherwise preregister 1m/5m/1h development candidates and freeze selection.",Open attention measures predict activity beyond price and news,E21;HYP,Use as-known published counts; no forward filling end-of-day totals into morning origins.,Explicit unavailable/stale/truncated/invalid/not-applicable reason; never replace missing by zero; coverage and denominator-zero flags retained.,"Daily aggregation, bots, unrelated entity news and alias changes",XWIKI,Not established as a complete causal historical series in AREPO; prospective collection or separately labelled reconstruction required.,"H50; fail incremental prospective test after timing and baseline controls, or report underpowered.",P2
F51,Information disagreement,"entropy of source-weighted claim stance, with source weights fit on past data","stance probabilities,source lineage,matching uncertainty","All inputs received, parsed and available by feature cutoff; lagged pre-trade values for denominators; historical labels must mature before cutoff.","Feature/formula, schema/parser, source and mapping versions; model/prompt/embedding versions where applicable.",Native units retained; ratios dimensionless where numerator and denominator are commensurate; prices per share and time units explicit.,Retain raw values and denominators; standardise on training only; compare linear versus spline/tree; log1p only for nonnegative magnitudes with sign separate.,"Primary 1h forecast; trailing feature window defined in formula, otherwise preregister 1m/5m/1h development candidates and freeze selection.",Contradictory information predicts volatility and lower directional confidence,HYP,Keep extraction entropy distinct from source disagreement; human-adjudicated subset.,Explicit unavailable/stale/truncated/invalid/not-applicable reason; never replace missing by zero; coverage and denominator-zero flags retained.,Classifier uncertainty versus substantive disagreement; syndication,XNEWS;POFFICIAL,Not established as a complete causal historical series in AREPO; prospective collection or separately labelled reconstruction required.,"H51; fail incremental prospective test after timing and baseline controls, or report underpowered.",P2
F52,Information decay,signed novelty surprise * exp(-age/tau); tau training-estimated by family,"claim times,novelty,surprise,first observed PM response","All inputs received, parsed and available by feature cutoff; lagged pre-trade values for denominators; historical labels must mature before cutoff.","Feature/formula, schema/parser, source and mapping versions; model/prompt/embedding versions where applicable.",Native units retained; ratios dimensionless where numerator and denominator are commensurate; prices per share and time units explicit.,Retain raw values and denominators; standardise on training only; compare linear versus spline/tree; log1p only for nonnegative magnitudes with sign separate.,"Primary 1h forecast; trailing feature window defined in formula, otherwise preregister 1m/5m/1h development candidates and freeze selection.",Information half-life varies by liquidity and determines remaining predictability,E18;E20,New independent facts may reset age; syndicated copies may not.,Explicit unavailable/stale/truncated/invalid/not-applicable reason; never replace missing by zero; coverage and denominator-zero flags retained.,Choosing decay from final test; repeated reporting resets false freshness,XNEWS;PBOOK,Not established as a complete causal historical series in AREPO; prospective collection or separately labelled reconstruction required.,"H52; fail incremental prospective test after timing and baseline controls, or report underpowered.",P1
F53,Price volatility and flow interaction,flow imbalance * realised volatility state; continuous spline,"return path,signed flow,depth","All inputs received, parsed and available by feature cutoff; lagged pre-trade values for denominators; historical labels must mature before cutoff.","Feature/formula, schema/parser, source and mapping versions; model/prompt/embedding versions where applicable.",Native units retained; ratios dimensionless where numerator and denominator are commensurate; prices per share and time units explicit.,Retain raw values and denominators; standardise on training only; compare linear versus spline/tree; log1p only for nonnegative magnitudes with sign separate.,"Primary 15m forecast; trailing feature window defined in formula, otherwise preregister 1m/5m/1h development candidates and freeze selection.",The same flow predicts continuation in some volatility regimes and reversal in others,E04;HYP,Use trailing volatility only; include all main effects.,Explicit unavailable/stale/truncated/invalid/not-applicable reason; never replace missing by zero; coverage and denominator-zero flags retained.,Regime labels fitted with future volatility; interaction overfitting,PTRADE;PBOOK,Not established as a complete causal historical series in AREPO; prospective collection or separately labelled reconstruction required.,"H53; fail incremental prospective test after timing and baseline controls, or report underpowered.",P1
F54,Market-response underreaction to corroborated news,claim surprise minus training-predicted surprise from already-observed PM move,"claim numeric surprise,source count,postreceipt PM response","All inputs received, parsed and available by feature cutoff; lagged pre-trade values for denominators; historical labels must mature before cutoff.","Feature/formula, schema/parser, source and mapping versions; model/prompt/embedding versions where applicable.",Native units retained; ratios dimensionless where numerator and denominator are commensurate; prices per share and time units explicit.,Retain raw values and denominators; standardise on training only; compare linear versus spline/tree; log1p only for nonnegative magnitudes with sign separate.,"Primary 1h forecast; trailing feature window defined in formula, otherwise preregister 1m/5m/1h development candidates and freeze selection.",A gap between information magnitude and initial price adjustment predicts continuation,E18;E20,Freeze response model on development and evaluate overreaction as well as underreaction.,Explicit unavailable/stale/truncated/invalid/not-applicable reason; never replace missing by zero; coverage and denominator-zero flags retained.,Residual model fitted on test; selecting only underreaction cases,XNEWS;POFFICIAL;PBOOK,Not established as a complete causal historical series in AREPO; prospective collection or separately labelled reconstruction required.,"H54; fail incremental prospective test after timing and baseline controls, or report underpowered.",P2
F55,Cross-domain wallet transfer,posterior category skill transferred with training-estimated similarity and uncertainty,"past mature wallet scores,domain mapping,current flow","All inputs received, parsed and available by feature cutoff; lagged pre-trade values for denominators; historical labels must mature before cutoff.","Feature/formula, schema/parser, source and mapping versions; model/prompt/embedding versions where applicable.",Native units retained; ratios dimensionless where numerator and denominator are commensurate; prices per share and time units explicit.,Retain raw values and denominators; standardise on training only; compare linear versus spline/tree; log1p only for nonnegative magnitudes with sign separate.,"Primary 6h forecast; trailing feature window defined in formula, otherwise preregister 1m/5m/1h development candidates and freeze selection.",Some wallet skill transfers to related domains but not unrelated domains,E10;E24;HYP,Leave entire economic domains out; compare zero-transfer and complete-pooling models.,Explicit unavailable/stale/truncated/invalid/not-applicable reason; never replace missing by zero; coverage and denominator-zero flags retained.,Shared event families disguised as different categories,PWALLET;PGAMMA,Not established as a complete causal historical series in AREPO; prospective collection or separately labelled reconstruction required.,"H55; fail incremental prospective test after timing and baseline controls, or report underpowered.",P3
F56,Public resolution process state,"request/proposal/dispute age,bond,reward,liveness and state indicators","UMA/CTF logs and states,block timestamps,first receipt","All inputs received, parsed and available by feature cutoff; lagged pre-trade values for denominators; historical labels must mature before cutoff.","Feature/formula, schema/parser, source and mapping versions; model/prompt/embedding versions where applicable.",Native units retained; ratios dimensionless where numerator and denominator are commensurate; prices per share and time units explicit.,Retain raw values and denominators; standardise on training only; compare linear versus spline/tree; log1p only for nonnegative magnitudes with sign separate.,"Primary 24h forecast; trailing feature window defined in formula, otherwise preregister 1m/5m/1h development candidates and freeze selection.",Oracle process state predicts resolution delay or final-payout uncertainty,HYP,"Primary target resolution time/uncertainty, not pre-event informational alpha.",Explicit unavailable/stale/truncated/invalid/not-applicable reason; never replace missing by zero; coverage and denominator-zero flags retained.,Underlying outcome already known; disputed cases selected ex post,PORACLE;PCHAIN,Not established as a complete causal historical series in AREPO; prospective collection or separately labelled reconstruction required.,"H56; fail incremental prospective test after timing and baseline controls, or report underpowered.",P2
F57,Settlement and indexer lag,receipt-to-block-confirmed lag and unmatched offchain/onchain fill share,"match events,receipts,transactions,status,indexer freshness","All inputs received, parsed and available by feature cutoff; lagged pre-trade values for denominators; historical labels must mature before cutoff.","Feature/formula, schema/parser, source and mapping versions; model/prompt/embedding versions where applicable.",Native units retained; ratios dimensionless where numerator and denominator are commensurate; prices per share and time units explicit.,Retain raw values and denominators; standardise on training only; compare linear versus spline/tree; log1p only for nonnegative magnitudes with sign separate.,"Primary 5m forecast; trailing feature window defined in formula, otherwise preregister 1m/5m/1h development candidates and freeze selection.",Settlement/indexer lag explains apparent signals and predicts quality deterioration,E12;E13,Quality/missingness target primary; test price effect only after censoring contaminated windows.,Explicit unavailable/stale/truncated/invalid/not-applicable reason; never replace missing by zero; coverage and denominator-zero flags retained.,"RPC outage, reorgs, source clocks and changing contract versions",PTRADE;PCHAIN;PDATA,Not established as a complete causal historical series in AREPO; prospective collection or separately labelled reconstruction required.,"H57; fail incremental prospective test after timing and baseline controls, or report underpowered.",P1
F58,Sports state innovation,"rule-aligned score,time,period,status innovation relative to prior state","sports WS game IDs,scores,period,elapsed,status,receipt; rules","All inputs received, parsed and available by feature cutoff; lagged pre-trade values for denominators; historical labels must mature before cutoff.","Feature/formula, schema/parser, source and mapping versions; model/prompt/embedding versions where applicable.",Native units retained; ratios dimensionless where numerator and denominator are commensurate; prices per share and time units explicit.,Retain raw values and denominators; standardise on training only; compare linear versus spline/tree; log1p only for nonnegative magnitudes with sign separate.,"Primary 1m forecast; trailing feature window defined in formula, otherwise preregister 1m/5m/1h development candidates and freeze selection.",Fresh game-state changes explain and may lead price adjustment,E09;HYP,No claim of beating faster feeds; compare several measured ingestion delays.,Explicit unavailable/stale/truncated/invalid/not-applicable reason; never replace missing by zero; coverage and denominator-zero flags retained.,"Feed delay, score corrections, in-play delay, game over settlement lag",PSPORTS;PBOOK,Not established as a complete causal historical series in AREPO; prospective collection or separately labelled reconstruction required.,"H58; fail incremental prospective test after timing and baseline controls, or report underpowered.",P2
F59,Public comment stance and engagement,unique-author proposition stance and reactions known at origin; changes separate,"comment creation/removal/reaction events,author IDs,receipt,claim matching","All inputs received, parsed and available by feature cutoff; lagged pre-trade values for denominators; historical labels must mature before cutoff.","Feature/formula, schema/parser, source and mapping versions; model/prompt/embedding versions where applicable.",Native units retained; ratios dimensionless where numerator and denominator are commensurate; prices per share and time units explicit.,Retain raw values and denominators; standardise on training only; compare linear versus spline/tree; log1p only for nonnegative magnitudes with sign separate.,"Primary 1h forecast; trailing feature window defined in formula, otherwise preregister 1m/5m/1h development candidates and freeze selection.",Market-specific comment information adds beyond broad news and prices,HYP,Compare original evidence-bearing claims to sentiment-only comments; exclude future engagement.,Explicit unavailable/stale/truncated/invalid/not-applicable reason; never replace missing by zero; coverage and denominator-zero flags retained.,"Manipulation, promotional content, future reaction counts, private-information claims",PCOMMENT;PBOOK,Not established as a complete causal historical series in AREPO; prospective collection or separately labelled reconstruction required.,"H59; fail incremental prospective test after timing and baseline controls, or report underpowered.",P3
F60,Cross-source disagreement as a forecast feature,dispersion among rule-aligned venue/reference probabilities and Bayesian/ML predictions,"fixed model out-of-fold predictions,matched quotes,as-of features","All inputs received, parsed and available by feature cutoff; lagged pre-trade values for denominators; historical labels must mature before cutoff.","Feature/formula, schema/parser, source and mapping versions; model/prompt/embedding versions where applicable.",Native units retained; ratios dimensionless where numerator and denominator are commensurate; prices per share and time units explicit.,Retain raw values and denominators; standardise on training only; compare linear versus spline/tree; log1p only for nonnegative magnitudes with sign separate.,"Primary 1h forecast; trailing feature window defined in formula, otherwise preregister 1m/5m/1h development candidates and freeze selection.",Disagreement predicts future forecast error and useful abstention,E22;E23;HYP,Forecast absolute error/material-move probability using OOF disagreements; compare selective risk at equal coverage.,Explicit unavailable/stale/truncated/invalid/not-applicable reason; never replace missing by zero; coverage and denominator-zero flags retained.,Disagreement reflects scale or miscalibration; stronger model chosen post-test,MODELS;XKALSHI;PBOOK,Not established as a complete causal historical series in AREPO; prospective collection or separately labelled reconstruction required.,"H60; fail incremental prospective test after timing and baseline controls, or report underpowered.",P2
